Name,Website,Trust Center,Platform,Source
"Chainalysis","chainalysis.com","https://trust.chainalysis.com","Vanta","Techstars"
"SalesLoft","salesloft.com","https://trust.salesloft.com","Vanta","Techstars"
"Degreed","degreed.com","https://trust.degreed.com","Vanta","Techstars"
"Novo","novo.co","https://trust.novo.co","Vanta","Techstars"
"Bluecore","bluecore.com","https://trust.bluecore.com","Vanta","Techstars"
"Kadence","kadence.co","https://trust.kadence.co","Vanta","Techstars"
"Gorgias","gorgias.com","https://trust.gorgias.com","Vanta","Techstars"
"Quantive","quantive.com","https://trust.quantive.com","Vanta","Techstars"
"Preply","preply.com","https://trust.preply.com","Vanta","Techstars"
"Tive","tive.com","https://trust.tive.com","Vanta","Techstars"
"LogicGate","logicgate.com","https://trust.logicgate.com","Vanta","Techstars"
"BentoBox","getbento.com","https://trust.getbento.com","Vanta","Techstars"
"Trust & Will","trustandwill.com","https://trust.trustandwill.com","Vanta","Techstars"
"DNSFilter","dnsfilter.com","https://trust.dnsfilter.com","Vanta","Techstars"
"Own Up","ownup.com","https://trust.ownup.com","Vanta","Techstars"
"Vitally","vitally.io","https://trust.vitally.io","Vanta","Techstars"
"Healthie","gethealthie.com","https://trust.gethealthie.com","Vanta","Techstars"
"DataCamp","datacamp.com","https://trust.datacamp.com","Vanta","Techstars"
"Placester","placester.com","https://trust.placester.com","Vanta","Techstars"
"Twelve Labs","twelvelabs.io","https://trust.twelvelabs.io","Vanta","Techstars"
"Stream","getstream.io","https://trust.getstream.io","Vanta","Techstars"
"Testlio","testlio.com","https://trust.testlio.com","Vanta","Techstars"
"Help Scout","helpscout.com","https://trust.helpscout.com","Vanta","Techstars"
"telnyx","telnyx.com","https://trust.telnyx.com","Vanta","Techstars"
"Kard","getkard.com","https://trust.getkard.com","Vanta","Techstars"
"Jebbit","jebbit.com","https://trust.jebbit.com","Vanta","Techstars"
"PathSpot","pathspot.com","https://trust.pathspot.com","Vanta","Techstars"
"Mavrck","mavrck.co","https://trust.mavrck.co","Vanta","Techstars"
"Taizen","usetaizen.com","https://trust.usetaizen.com","Vanta","Techstars"
"LearnPlatform","learnplatform.com","https://trust.learnplatform.com","Vanta","Techstars"
"Kintsugi","kintsugihealth.com","https://trust.kintsugihealth.com","Vanta","Techstars"
"Milk Moovement","milkmoovement.com","https://trust.milkmoovement.com","Vanta","Techstars"
"Cledara","cledara.com","https://trust.cledara.com","Vanta","Techstars"
"TiLT","hellotilt.com","https://trust.hellotilt.com","Vanta","Techstars"
"Player's Health","playershealth.com","https://trust.playershealth.com","Vanta","Techstars"
"Branching Minds","branchingminds.com","https://trust.branchingminds.com","Vanta","Techstars"
"Wagmo","wagmo.io","https://trust.wagmo.io","Vanta","Techstars"
"Skilljar","skilljar.com","https://trust.skilljar.com","Vanta","Techstars"
"Allstacks","allstacks.com","https://trust.allstacks.com","Vanta","Techstars"
"Pana","pana.com","https://trust.pana.com","Vanta","Techstars"
"Azuqua","azuqua.com","https://trust.azuqua.com","Vanta","Techstars"
"Qovery","qovery.com","https://trust.qovery.com","Vanta","Techstars"
"Hireguide","hireguide.com","https://trust.hireguide.com","Vanta","Techstars"
"AltScore","altscore.ai","https://trust.altscore.ai","Vanta","Techstars"
"Keen IO","keen.io","https://trust.keen.io","Vanta","Techstars"
"10% Happier: Meditation for Fidgety Skeptics","10percenthappier.com","https://trust.10percenthappier.com","Vanta","Techstars"
"TrueCoach","truecoach.co","https://trust.truecoach.co","Vanta","Techstars"
"Treet","treet.co","https://trust.treet.co","Vanta","Techstars"
"HData","hdata.us","https://trust.hdata.us","Vanta","Techstars"
"Revolv","revolv.com","https://trust.revolv.com","SafeBase","Techstars"
"QuanTemplate","quantemplate.com","https://trust.quantemplate.com","Vanta","Techstars"
"Insent.ai","insent.ai","https://trust.insent.ai","Vanta","Techstars"
"Aware Health","awarehealth.io","https://trust.awarehealth.io","Vanta","Techstars"
"Credentially","credentially.io","https://trust.credentially.io","Vanta","Techstars"
"Obsess","obsessvr.com","https://trust.obsessvr.com","Vanta","Techstars"
"Deep 6 AI","deep6.ai","https://trust.deep6.ai","Vanta","Techstars"
"RentCheck","getrentcheck.com","https://trust.getrentcheck.com","Vanta","Techstars"
"SkenarioLabs","skenariolabs.com","https://trust.skenariolabs.com","Vanta","Techstars"
"Halp","halp.com","https://trust.halp.com","Vanta","Techstars"
"Howler","howler.co.za","https://trust.howler.co.za","Vanta","Techstars"
"Focal Point Procurement Solutions","getfocalpoint.com","https://trust.getfocalpoint.com","Vanta","Techstars"
"DocStation","docstation.co","https://trust.docstation.co","Vanta","Techstars"
"Sprout Wellness Solutions","sproutatwork.com","https://trust.sproutatwork.com","Vanta","Techstars"
"Abe AI","abe.ai","https://trust.abe.ai","Vanta","Techstars"
"HackMD","hackmd.io","https://trust.hackmd.io","Vanta","Techstars"
"Liquid","goliquid.io","https://trust.goliquid.io","Vanta","Techstars"
"Neu","neucleans.com","https://trust.neucleans.com","Vanta","Techstars"
"Ambassador","getambassador.com","https://trust.getambassador.com","Vanta","Techstars"
"Retrocausal","retrocausal.ai","https://trust.retrocausal.ai","Vanta","Techstars"
"Nixtla","nixtla.io","https://trust.nixtla.io","Vanta","Techstars"
"Serve First","servefirst.co.uk","https://trust.servefirst.co.uk","Vanta","Techstars"
"Clearstep","clearstep.health","https://trust.clearstep.health","Vanta","Techstars"
"Aiva","aiva.ai","https://trust.aiva.ai","Vanta","Techstars"
"Bevz","bevz.com","https://trust.bevz.com","Vanta","Techstars"
"backstitch","backstitch.io","https://trust.backstitch.io","Vanta","Techstars"
"LendAPI","lendapi.com","https://trust.lendapi.com","Vanta","Techstars"
"Qualifi","qualifi.hr","https://trust.qualifi.hr","Vanta","Techstars"
"SATIM","satim.pl","https://trust.satim.pl","Vanta","Techstars"
"altvia","altvia.com","https://trust.altvia.com","Vanta","Techstars"
"Lingco Language Labs","lingco.io","https://trust.lingco.io","Vanta","Techstars"
"Kilsar","kilsar.com","https://trust.kilsar.com","Vanta","Techstars"
"Anam.ai","anam.ai","https://trust.anam.ai","Vanta","Techstars"
"Voyc","voyc.ai","https://trust.voyc.ai","Vanta","Techstars"
"TVbeat","tvbeat.com","https://trust.tvbeat.com","Vanta","Techstars"
"EveryMove","everymove.org","https://trust.everymove.org","Vanta","Techstars"
"Sensefinity","sensefinity.com","https://trust.sensefinity.com","Vanta","Techstars"
"Novel Effect","noveleffect.com","https://trust.noveleffect.com","Vanta","Techstars"
"Paid","paid.co.uk","https://trust.paid.co.uk","Vanta","Techstars"
"PortF","portf.io","https://trust.portf.io","Vanta","Techstars"
"Eventnoire","eventnoire.com","https://trust.eventnoire.com","Vanta","Techstars"
"Ground AI","joinground.com","https://trust.joinground.com","Vanta","Techstars"
"Shelby.tv","shelby.tv","https://trust.shelby.tv","Vanta","Techstars"
"Linker Finance","linkerfinance.com","https://trust.linkerfinance.com","Vanta","Techstars"
"Cabinet","joincabinet.com","https://trust.joincabinet.com","Vanta","Techstars"
"YData","ydata.ai","https://trust.ydata.ai","Vanta","Techstars"
"Invendor","invendor.com","https://trust.invendor.com","Vanta","Techstars"
"Employee Cycle","employeecycle.com","https://trust.employeecycle.com","SafeBase","Techstars"
"Cloverleaf AI","cloverleaf.ai","https://trust.cloverleaf.ai","Vanta","Techstars"
"Reelist","reelist.com","https://trust.reelist.com","Vanta","Techstars"
"Parlay Finance","parlay.finance","https://trust.parlay.finance","Vanta","Techstars"
"Benny","heybenny.com","https://trust.heybenny.com","Vanta","Techstars"
"Getro","getro.com","https://trust.getro.com","Vanta","Techstars"
"Wiseair","wiseair.vision","https://trust.wiseair.vision","Vanta","Techstars"
"SideTour","sidetour.com","https://trust.sidetour.com","Vanta","Techstars"
"Nossa Data","nossadata.com","https://trust.nossadata.com","Vanta","Techstars"
"Replace","replacefund.com","https://trust.replacefund.com","Vanta","Techstars"
"SpotRight","spotright.com","https://trust.spotright.com","Vanta","Techstars"
"MyFavorito","myfavorito.com","https://trust.myfavorito.com","Vanta","Techstars"
"OB2 AI","ob2.ai","https://trust.ob2.ai","Vanta","Techstars"
"LiteStack","zerovm.org","https://trust.zerovm.org","Vanta","Techstars"
"CodeGPT by Judini","codegpt.co","https://trust.codegpt.co","Vanta","Techstars"
"Open to the offer","opentotheoffer.com","https://trust.opentotheoffer.com","Vanta","Techstars"
"Rocket Innovations","getrocketbook.com","https://trust.getrocketbook.com","Vanta","Techstars"
"Appsembler","appsembler.com","https://trust.appsembler.com","Vanta","Techstars"
"Card Isle","cardisle.com","https://trust.cardisle.com","Vanta","Techstars"
"Zendoc","zendoc.com","https://trust.zendoc.com","Vanta","Techstars"
"Sameroom","sameroom.io","https://trust.sameroom.io","Vanta","Techstars"
"GoSave","gosavehq.com","https://trust.gosavehq.com","Vanta","Techstars"
"ConvertFlow","convertflow.com","https://trust.convertflow.com","Vanta","Techstars"
"Appetas","appetas.com","https://trust.appetas.com","Vanta","Techstars"
"Ovida","ovida.io","https://trust.ovida.io","Vanta","Techstars"
"Played","played.co","https://trust.played.co","Vanta","Techstars"
"Shop Latinx","shoplatinx.com","https://trust.shoplatinx.com","Vanta","Techstars"
"RoundPegg","roundpegg.com","https://trust.roundpegg.com","Vanta","Techstars"
"GetEquity","getequity.io","https://trust.getequity.io","Vanta","Techstars"
"Fasten Health","fastenhealth.com","https://trust.fastenhealth.com","Vanta","Techstars"
"Butterflye","butterflye.io","https://trust.butterflye.io","Vanta","Techstars"
"Trissino","hiresteve.ai","https://trust.hiresteve.ai","Vanta","Techstars"
"Novalia","novalia.co.uk","https://trust.novalia.co.uk","Vanta","Techstars"
"Asanify","asanify.com","https://trust.asanify.com","Vanta","Techstars"
"Dollarize","dollarize.me","https://trust.dollarize.me","Whistic","Techstars"
"Virtual Sapiens","virtualsapiens.co","https://trust.virtualsapiens.co","Vanta","Techstars"
"Nimblemind.ai","nimblemind.ai","https://trust.nimblemind.ai","Vanta","Techstars"
"BodyPro","mybodypro.fit","https://trust.mybodypro.fit","Vanta","Techstars"
"Sentiment Search","sentimentsearch.com","https://trust.sentimentsearch.com","Vanta","Techstars"
"Our Leg Up","ourlegup.com","https://trust.ourlegup.com","Vanta","Techstars"
"Data for Good","data-for-good.com","https://trust.data-for-good.com","Vanta","Techstars"
"Additor","additor.io","https://trust.additor.io","Vanta","Techstars"
"Neomare","neomare.no","https://trust.neomare.no","Vanta","Techstars"
"Spiral Technology","spiral.technology","https://trust.spiral.technology","Vanta","Techstars"
"Careerflow","careerflow.ai","https://trust.careerflow.ai","Vanta","Techstars"
"Lazarus","lazarusai.com","https://trust.lazarusai.com","Vanta","Techstars"
"Halsted AI","halstedhealth.ai","https://trust.halstedhealth.ai","Vanta","Techstars"
"Applied Particle Technology","appliedparticletechnology.com","https://trust.appliedparticletechnology.com","Vanta","Techstars"
"Kitchenery","kitchenery.net","https://trust.kitchenery.net","Vanta","Techstars"
"Votemo","votemo.eu","https://trust.votemo.eu","Vanta","Techstars"
"Valor","valorvision.ai","https://trust.valorvision.ai","Vanta","Techstars"
"Talk Howdy","talkhowdy.com","https://trust.talkhowdy.com","Vanta","Techstars"
"STRE.ME","stre.me","https://trust.stre.me","Vanta","Techstars"
"eko","eko.investments","https://trust.eko.investments","Vanta","Techstars"
"Affiniti AI","affiniti.ai","https://trust.affiniti.ai","Vanta","Techstars"
"Everlater","everlater.com","https://trust.everlater.com","Vanta","Techstars"
"Digiphy","digiphy.it","https://trust.digiphy.it","Vanta","Techstars"
"AnsuR","ansur.no","https://trust.ansur.no","Vanta","Techstars"
"Krak","skatekrak.com","https://trust.skatekrak.com","Vanta","Techstars"
"Trove","trovefinance.com","https://trust.trovefinance.com","Vanta","Techstars"
"Keepingly","keepingly.co","https://trust.keepingly.co","Vanta","Techstars"
"Roborus","roborus.co.kr","https://trust.roborus.co.kr","SafeBase","Techstars"
"MeetFox","meetfox.com","https://trust.meetfox.com","Vanta","Techstars"
"musiqmesh","musiqmesh.com","https://trust.musiqmesh.com","SafeBase","Techstars"
"haulsale","haulsale.com","https://trust.haulsale.com","Vanta","Techstars"
"Curiflow","curiflow.com","https://trust.curiflow.com","Vanta","Techstars"
"Wingspans","wingspans.com","https://trust.wingspans.com","Vanta","Techstars"
"Mapt","mapt.co","https://trust.mapt.co","Vanta","Techstars"
"Kliq","joinkliq.io","https://trust.joinkliq.io","Vanta","Techstars"
"Clymb","clymbup.io","https://trust.clymbup.io","SafeBase","Techstars"
"Workfrom","workfrom.co","https://trust.workfrom.co","SafeBase","Techstars"
"Symba","symba.io","https://trust.symba.io","Vanta","Techstars"
"Pangian","pangian.com","https://trust.pangian.com","Vanta","Techstars"
"Onboardbase","onboardbase.com","https://trust.onboardbase.com","Vanta","Techstars"
"Lukango","lukango.com","https://trust.lukango.com","Vanta","Techstars"
"HeyOpal","heyopal.com","https://trust.heyopal.com","Vanta","Techstars"
"Eskuad","eskuad.com","https://trust.eskuad.com","Vanta","Techstars"
"FluteSpace","flutespace.com","https://trust.flutespace.com","Vanta","Techstars"
"ExactRx","exactrx.ai","https://trust.exactrx.ai","Vanta","Techstars"
"Localize","localizejs.com","https://trust.localizejs.com","Vanta","Techstars"
"Pubble","pubble.io","https://trust.pubble.io","Vanta","Techstars"
"Cangrade","cangrade.com","https://trust.cangrade.com","Vanta","Techstars"
"SuperCopy","supercopy.ai","https://trust.supercopy.ai","Vanta","Techstars"
"Arbol","growarbol.com","https://trust.growarbol.com","Vanta","Techstars"
"Pibox","pibox.com","https://trust.pibox.com","SafeBase","Techstars"
"Mavity","mavity.co","https://trust.mavity.co","Vanta","Techstars"
"Legends","livemylegend.com","https://trust.livemylegend.com","Vanta","Techstars"
"Brand.ai","brand.ai","https://trust.brand.ai","Vanta","Techstars"
"SquadTrip","squadtrip.com","https://trust.squadtrip.com","Vanta","Techstars"
"Runbear","plugbear.io","https://trust.plugbear.io","Vanta","Techstars"
"PainNavigator","navigatemypain.com","https://trust.navigatemypain.com","Vanta","Techstars"
"Outlit","outlit.ai","https://trust.outlit.ai","Vanta","Techstars"
"korzo","korzo.com","https://trust.korzo.com","Vanta","Techstars"
"Speak Ai","speakai.co","https://trust.speakai.co","Vanta","Techstars"
"GoSprout","gosprout.app","https://trust.gosprout.app","Vanta","Techstars"
"Akibah Health","akibah.com","https://trust.akibah.com","Vanta","Techstars"
"ContractPower","contractpower.ai","https://trust.contractpower.ai","Vanta","Techstars"
"Rezora","rezora.com","https://trust.rezora.com","Vanta","Techstars"
"Dreami","dreami.io","https://trust.dreami.io","Vanta","Techstars"
"CheckIO","checkio.org","https://trust.checkio.org","SafeBase","Techstars"
"Dossier","trydossier.com","https://trust.trydossier.com","Vanta","Techstars"
"Evolve","evolveapp.com","https://trust.evolveapp.com","Vanta","Techstars"
"Staq","staq.io","https://trust.staq.io","Vanta","Techstars"
"Walkthrough","getawalkthrough.com","https://trust.getawalkthrough.com","Vanta","Techstars"
"Voray","voray.com","https://trust.voray.com","Vanta","Techstars"
"Akdemia","akdemia.com","https://trust.akdemia.com","Vanta","Techstars"
"Atrios","https://www.atrios.com","https://www.atrios.com/privacy","Vanta","a16z"
"Bead AI","https://usebead.ai","https://usebead.ai/security","Delve","a16z"
"Blank","https://www.theblankapp.com/","https://www.theblankapp.com/privacy","SafeBase","a16z"
"Creed","https://www.usecreed.com","https://www.usecreed.com/privacy","Vanta","a16z"
"Crema Social","https://www.cremasocial.com","https://www.cremasocial.com/privacy","Vanta","a16z"
"Exia Labs","https://www.exialabs.com/","https://www.exialabs.com/privacy","SafeBase","a16z"
"Ezra AI Labs","https://ezraailabs.tech","https://trust.ezraailabs.tech","Vanta","a16z"
"Figment","https://figment.games/","https://trust.figment.games","Vanta","a16z"
"FLORA","https://florafauna.ai","https://trust.florafauna.ai","Vanta","a16z"
"Hedra","https://www.hedra.com","https://www.hedra.com/privacy","Vanta","a16z"
"Intangible","https://www.intangible.ai","https://www.intangible.ai/privacy","Vanta","a16z"
"k-ID","https://www.k-id.com","https://www.k-id.com/security","SafeBase","a16z"
"Layerpath","https://www.layerpath.com","https://www.layerpath.com/privacy","Vanta","a16z"
"LIVE AWARE","https://www.liveaware.io","https://www.liveaware.io/trust","Vanta","a16z"
"Moona Health","https://www.moona.health/","https://www.moona.health/trust","Vanta","a16z"
"Spark Space","https://www.sparkspace.ai","https://www.sparkspace.ai/trust","Vanta","a16z"
"SuperGaming","https://www.supergaming.com/","https://www.supergaming.com/privacy","SafeBase","a16z"
"Talofa Games","https://www.talofagames.com","https://www.talofagames.com/trust","Vanta","a16z"
"Unbound Technologies","https://www.unbound.io","https://www.unbound.io/privacy","Vanta","a16z"